country,capital,capital:de,capital:es,capital:fr,capital:nb,capital:cs,capital:ru,capital:nl,capital:sv,capital:pt,capital:zh,capital:pl,capital:it
Pitcairn Islands,Adamstown,Adamstown,Adamstown,Adamstown,Adamstown,Adamstown,Адамстаун,Adamstown,"Adamstown, Pitcairnöarna",Adamstown,亚当斯敦(Adamstown),Adamstown,Adamstown
Cocos (Keeling) Islands,West Island,West Island,West Island,West Island,West Island,West Island,Уэст-Айленд,West Island,West Island,Ilha Ocidental,西島(West Island),West Island,West Island
Tokelau,,,,,,,,,,,,,
Christmas Island,Flying Fish Cove,Flying Fish Cove,Flying Fish Cove,Flying Fish Cove,Flying Fish Cove,Flying Fish Cove,Флайинг-Фиш-Ков,Flying Fish Cove,Flying Fish Cove,Flying Fish Cove,飞鱼湾(Flying Fish Cove),Flying Fish Cove,Flying Fish Cove
Norfolk Island,Kingston,Kingston,Kingston,Kingston,Kingston,Kingston,Кингстон,Kingston,,Kingston,金斯敦(Kingston),Kingston,Kingston
Montserrat,Brades,Brades,Brades,Brades,Brades,Brades,Брейдс,Brades,Brades,Brades,布莱兹(Brades),Brades,Brades
Saint Helena,Jamestown,Jamestown,Jamestown,Jamestown,Jamestown,Jamestown,Джеймстаун,Jamestown,Jamestown,Jamestown,詹姆斯敦(Jamestown),Jamestown,Jamestown
Saint Barthélemy,Gustavia,Gustavia,Gustavia,Gustavia,Gustavia,Gustavia,Густавия,Gustavia,Gustavia,Gustávia,居斯塔维亚(Gustavia),Gustavia,Gustavia
Ceuta,,,,,,,,,,,,,
Melilla,,,,,,,,,,,,,
Galápagos Islands,Puerto Baquerizo Moreno,Puerto Baquerizo Moreno,Puerto Baquerizo Moreno,Puerto Baquerizo Moreno,Puerto Baquerizo Moreno,Puerto Baquerizo Moreno,Пуэрто-Бакерисо-Морено,Puerto Baquerizo Moreno,Puerto Baquerizo Moreno,Puerto Baquerizo Moreno,巴克里索莫雷諾港(Puerto Baquerizo Moreno),Puerto Baquerizo Moreno,Puerto Baquerizo Moreno
Saba,The Bottom,The Bottom,The Bottom,The Bottom,The Bottom,,Боттом,The Bottom,The Bottom,The Bottom,博托姆(The Bottom),The Bottom,The Bottom
Sint Eustatius,Oranjestad,Oranjestad,Oranjestad,Oranjestad,Oranjestad,,Ораньестад,Oranjestad,Oranjestad,Oranjestad,奥拉涅斯塔德(Oranjestad),Oranjestad,Oranjestad
Easter Island,,,,,,,,,,,,,
Bonaire,Kralendijk,Kralendijk,Kralendijk,Kralendijk,Kralendijk,Kralendijk,Кралендейк,Kralendijk,Kralendijk,Kralendijk,克拉伦代克(Kralendijk),Kralendijk,Kralendijk
British Indian Ocean Territory,Camp Justice,,Camp Justice,,,,,,,,,,Camp Thunder Cove
Mount Athos,Karyes,Karyes,Karyés,Karyès,,Karyés,Карье,Karyes,"Karyes, Athos",Cariés,卡里埃(Karyes),Karies,Karyes
,,,,,,,,,,,,,
Anguilla,The Valley,The Valley,The Valley,The Valley,The Valley,The Valley,Валли,The Valley,The Valley,The Valley,瓦利(The Valley),The Valley,The Valley
Gibraltar,Gibraltar,Gibraltar,Gibraltar,Gibraltar,Gibraltar,Gibraltar,Гибралтар,Gibraltar,Gibraltar,Gibraltar,直布罗陀(Gibraltar),Gibraltar,Gibilterra
Saint Martin,Marigot,Marigot,Marigot,Marigot,Marigot,Marigot,Мариго,Marigot,Marigot,Marigot,马里戈特(Marigot),Marigot,Marigot
British Virgin Islands,Road Town,Road Town,Road Town,Road Town,Road Town,Road Town,Род-Таун,Road Town,Road Town,Road Town,罗德城(Road Town),Road Town,Road Town
Sint Maarten,Philipsburg,Philipsburg,Philipsburg,Philipsburg,Philipsburg,Philipsburg,Филипсбург,Philipsburg,Philipsburg,Philipsburg,菲利普斯堡(Philipsburg),Philipsburg,Philipsburg
Turks and Caicos Islands,Cockburn Town,Cockburn Town,Cockburn Town,Cockburn Town,Cockburn Town,Cockburn Town,Коберн-Таун,Cockburn Town,Cockburn Town,Cockburn Town,科伯恩城(Cockburn Town),Cockburn Town,Cockburn Town
Northern Mariana Islands,Saipan,Saipan,Saipán,Saipan,Saipan,Saipan,Сайпан,Saipan,Saipan,Saipã,塞班岛(Saipan),Saipan,Saipan
American Samoa,Pago Pago,Pago Pago,Pago Pago,Pago Pago,Pago Pago,Pago Pago,Паго-Паго,Pago Pago,Pago Pago,Pago Pago,帕果帕果(Pago Pago),Pago Pago,Pago Pago
Cayman Islands,George Town,George Town,George Town,George Town,George Town,George Town,Джорджтаун,George Town,George Town,George Town,喬治敦(George Town),George Town,George Town
Guernsey,St. Peter Port,St. Peter Port,Saint Peter Port,Saint-Pierre-Port,St. Peter Port,Saint Peter Port,Сент-Питер-Порт,Saint Peter Port,St. Peter Port,Porto de São Pedro,圣彼得港(St. Peter Port),Saint Peter Port,Saint Peter Port
Bermuda,Hamilton,Hamilton,Hamilton,Hamilton,Hamilton,Hamilton,Гамильтон,Hamilton,Hamilton,Hamilton,哈密尔顿(Hamilton),Hamilton,Hamilton
Isle of Man,Douglas,Douglas,Douglas,Douglas,Douglas,Douglas,Дуглас,Douglas,Douglas,Douglas,道格拉斯(Douglas),Douglas,Douglas
Jersey,Saint Helier,Saint Helier,Saint Helier,Saint-Hélier,Saint Helier,Saint Helier,Сент-Хелиер,Saint Helier,Saint Helier,Santo Helério,圣赫利尔(Saint Helier),Saint Helier,Saint Helier
Falkland Islands,Stanley,Stanley,Puerto Argentino/Stanley,Stanley,Stanley,Port Stanley,Стэнли,Stanley,Stanley,Porto Stanley,斯坦利(Stanley),Stanley,Stanley
Azores,Ponta Delgada,Ponta Delgada,Ponta Delgada,Ponta Delgada,Ponta Delgada,Ponta Delgada,Понта-Делгада,Ponta Delgada,Ponta Delgada,Ponta Delgada,蓬塔德爾加達(Ponta Delgada),Ponta Delgada,Ponta Delgada
Mayotte,Mamoudzou,Mamoudzou,Mamoudzou,Mamoudzou,Mamoudzou,Mamoudzou,Мамуцу,Mamoudzou,Mamoudzou,Mamudzu,马穆楚(Mamoudzou),Mamoudzou,Mamoudzou
Madeira,Funchal,Funchal,Funchal,Funchal,Funchal,Funchal,Фуншал,Funchal,Funchal,Funchal,丰沙尔(Funchal),Funchal,Funchal
Corsica,Ajaccio,Ajaccio,Ajaccio,Ajaccio,Bastia i Haute-Corse og Ajaccio i Corse-du-Sud,Ajaccio,Аяччо,Ajaccio,Ajaccio,Ajaccio,阿雅克肖(Ajaccio),Ajaccio,Ajaccio
Martinique,Fort-de-France,Fort-de-France,Fort-de-France,Fort-de-France,Fort-de-France,Fort-de-France,Фор-де-Франс,Fort-de-France,Fort-de-France,Forte da França,法兰西堡(Fort-de-France),Fort-de-France,Fort-de-France
Sardinia,Cagliari,Cagliari,Cagliari,Cagliari,Cagliari,Cagliari,Кальяри,Cagliari,Cagliari,Cagliari,卡利亚里(Cagliari),Cagliari,Cagliari
Sicily,Palermo,Palermo,Palermo,Palerme,Palermo,Palermo,Палермо,Palermo,Palermo,Palermo,巴勒莫(Palermo),Palermo,Palermo
Zanzibar,Zanzibar City,Sansibar-Stadt,Zanzíbar,Zanzibar,Zanzibar by,Zanzibar,Занзибар,Zanzibar,Zanzibar,Zanzibar,桑给巴尔市(Zanzibar City),Zanzibar,Zanzibar
Canary Islands,"Santa Cruz de Tenerife, Las Palmas","Santa Cruz de Tenerife, Las Palmas de Gran Canaria","Santa Cruz de Tenerife, Las Palmas de Gran Canaria","Santa Cruz de Tenerife, Las Palmas de Grande Canarie","Santa Cruz på Tenerife, Las Palmas på Gran Canaria","Santa Cruz de Tenerife, Las Palmas de Gran Canaria","Санта-Крус-де-Тенерифе, Лас-Пальмас-де-Гран-Канария","Santa Cruz de Tenerife, Las Palmas de Gran Canaria","Santa Cruz de Tenerife, Las Palmas de Gran Canaria","Santa Cruz de Tenerife, Las Palmas de Gran Canaria","圣克鲁斯-德特内里费(Santa Cruz de Tenerife), 拉斯帕尔马斯(Las Palmas)","Santa Cruz de Tenerife, Las Palmas de Gran Canaria","Santa Cruz de Tenerife, Las Palmas de Gran Canaria"
Guadeloupe,Basse-Terre,Basse-Terre,Basse-Terre,Basse-Terre,Basse-Terre,Basse-Terre,Бас-Тер,Basse-Terre,Basse-Terre,Basse-Terre,巴斯特尔(Basse-Terre),Basse-Terre,Basse-Terre
Réunion,Saint-Denis,Saint-Denis,Saint-Denis,Saint-Denis,Saint-Denis,Saint-Denis,Сен-Дени,Saint-Denis,Saint-Denis,São Dinis,圣但尼(Saint-Denis),Saint-Denis,Saint-Denis
Kaliningrad Oblast,Kaliningrad,Kaliningrad,Kaliningrado,Kaliningrad,Kaliningrad,Kaliningrad,Калининград,Kaliningrad,Kaliningrad,Kaliningrado,加里寧格勒(Kaliningrad),Królewiec,Kaliningrad
French Guiana,Cayenne,Cayenne,Cayena,Cayenne,Cayenne,Cayenne,Кайенна,Cayenne,Cayenne,Caiena,卡宴(Cayenne),Kajenna,Caienna
Bali,Denpasar,Denpasar,Denpasar,Denpasar,Denpasar,Denpasar,Денпасар,Denpasar,Denpasar,Dempassar,丹帕沙(Denpasar),Denpasar,Denpasar
